2016-03-30 16:50:07,Running,,6.00,50:26,8:24,7.14,767.999999557632,144.09,,"TomTom MySports Watch",2016-03-30-1650.gpx
2016-03-29 17:20:40,Other,,5.28,1:24:00,15:55,3.77,554.0,,150,"Soccer - Outdoor Drills and Pickup",
2016-03-29 16:26:00,Running,,1.61,42:21,26:20,2.28,260.999999849664,21.91,,"TomTom MySports Watch",2016-03-29-1626.gpx
2016-03-28 17:08:33,Running,,3.00,23:15,7:44,7.75,366.999999788608,51.00,175,"TomTom MySports Watch",2016-03-28-1708.gpx
2016-03-27 14:00:58,Other,,3.41,1:10:00,20:32,2.92,340.0,,,"Soccer - Outdoor Pickup",
2016-03-27 09:32:16,Running,,4.00,30:47,7:41,7.80,505.999999708544,110.36,,"TomTom MySports Watch",2016-03-27-0932.gpx
2016-03-26 13:18:08,Hiking,,2.39,1:09:41,29:08,2.06,365.0,106.64,,"TomTom MySports Watch",2016-03-26-1318.gpx
2016-03-25 14:26:17,Running,,5.00,44:06,8:49,6.81,637.999999632512,170.18,171,"TomTom MySports Watch",2016-03-25-1426.gpx
2016-03-21 16:52:06,Running,,3.00,23:08,7:42,7.79,369.99999978688,82.79,,"TomTom MySports Watch",2016-03-21-1652.gpx
2016-03-20 18:00:14,Other,,2.50,1:00:00,24:00,2.50,267.0,,,"Soccer - Indoor Game",
2016-03-19 15:07:25,Running,,3.00,23:41,7:53,7.61,369.99999978688,78.27,,"TomTom MySports Watch",2016-03-19-1507.gpx
2016-03-19 10:38:12,Strength Training,,0.00,45:08,,,318.0,0.00,,,
2016-03-17 17:06:31,Running,,4.00,31:17,7:49,7.67,570.0,27.82,,,2016-03-17-1706.gpx
2016-03-16 06:10:31,Strength Training,,0.00,25:35,,,180.3625,0.00,,,
2016-03-15 17:46:05,Hiking,,1.41,42:40,30:11,1.99,223.0,101.18,,"TomTom MySports Watch",2016-03-15-1746.gpx
2016-03-14 17:46:51,Running,,2.00,15:48,7:53,7.60,249.999999856,51.27,,"TomTom MySports Watch",2016-03-14-1746.gpx
2016-03-12 13:53:53,Running,,2.61,20:00,7:40,7.83,375.0,37.23,,,2016-03-12-1353.gpx
2016-03-12 10:39:12,Strength Training,,0.02,45:50,2126:08,0.03,78.0,0.00,,,2016-03-12-1039.gpx
2016-03-11 18:22:08,Hiking,,2.02,46:29,22:58,2.61,244.0,12.00,,"TomTom MySports Watch",2016-03-11-1822.gpx
2016-03-10 16:14:36,Other,,3.87,1:15:06,19:24,3.09,377.0,,,"Soccer - Indoor Pickup",
2016-03-09 17:33:45,Running,,2.00,14:21,7:10,8.38,233.999999865216,60.91,165,"TomTom MySports Watch",2016-03-09-1733.gpx
2016-03-07 16:54:49,Running,,3.00,25:47,8:35,6.99,377.999999782272,88.18,174,"TomTom MySports Watch",2016-03-07-1654.gpx
2016-03-07 06:18:04,Strength Training,,0.03,21:42,815:21,0.07,37.0,0.00,,,2016-03-07-0618.gpx
2016-03-06 14:27:26,Hiking,,2.17,52:45,24:15,2.47,301.0,102.55,,"TomTom MySports Watch",2016-03-06-1427.gpx
2016-03-05 16:23:48,Running,,0.89,20:10,22:35,2.66,95.999999944704,28.27,,"TomTom MySports Watch",2016-03-05-1623.gpx
2016-03-05 10:27:14,Strength Training,,0.00,41:37,,,293.0,,101,"TomTom MySports Watch",
2016-03-03 16:19:00,Other,,4.00,1:20:00,20:00,3.00,391.0,,,"Soccer - Indoor Pickup",
2016-03-02 16:59:31,Strength Training,,0.00,19:35,,,138.0,,,"TomTom MySports Watch",
2016-02-29 16:36:28,Running,,3.00,22:14,7:24,8.11,356.999999794368,85.45,172,"TomTom MySports Watch",2016-02-29-1636.gpx
2016-02-28 20:00:51,Other,,2.50,1:00:00,24:00,2.50,267.0,,,"Soccer - Indoor Game",
2016-02-28 14:06:36,Hiking,,0.96,23:53,24:47,2.42,125.0,18.00,,"TomTom MySports Watch",2016-02-28-1406.gpx
2016-02-27 10:36:46,Strength Training,,0.00,43:50,,,309.0,,108,"TomTom MySports Watch",
2016-02-20 10:54:36,Running,,0.85,42:21,49:52,1.20,88.999999948736,,98,"TomTom MySports Watch",
2016-02-17 16:49:00,Running,,5.00,37:29,7:30,8.01,609.99999964864,129.91,168,"TomTom MySports Watch",2016-02-17-1649.gpx
2016-02-16 16:08:09,Other,,3.62,1:00:10,16:37,3.61,362.0,,130,"Soccer - Indoor Drills",
2016-02-15 17:30:02,Strength Training,,0.00,27:43,6364:50,0.01,47.0,0.00,97,,2016-02-15-1730.gpx
2016-02-14 14:14:44,Running,,3.00,26:11,8:44,6.87,396.999999771328,86.55,160,"TomTom MySports Watch",2016-02-14-1414.gpx
2016-02-13 16:51:08,Running,,3.80,29:58,7:53,7.62,477.999999724672,75.21,154,"TomTom MySports Watch",2016-02-13-1651.gpx
2016-02-13 11:05:49,Strength Training,,0.00,42:59,,,300.0,,103,"TomTom MySports Watch",
2016-02-11 16:13:32,Other,,3.93,1:14:43,19:01,3.16,378.0,,70,"Soccer - Indoor Pickup",
2016-02-11 06:14:35,Strength Training,,0.00,23:33,29046:12,0.00,39.0,0.00,,,2016-02-11-0614.gpx
2016-02-09 16:24:02,Other,,3.71,1:05:26,17:38,3.40,355.0,,,"Soccer - Indoor Pickup",
2016-02-08 17:02:35,Running,,3.00,24:30,8:09,7.36,375.999999783424,83.45,153,"TomTom MySports Watch",2016-02-08-1702.gpx
2016-02-08 06:13:23,Strength Training,,0.00,28:21,5941:14,0.01,47.0,0.00,,,2016-02-08-0613.gpx
2016-02-06 15:14:56,Running,,2.10,20:07,9:35,6.26,275.999999841024,40.00,162,"TomTom MySports Watch",2016-02-06-1514.gpx
2016-02-06 10:57:07,Strength Training,,0.00,47:15,,,330.0,,88,"TomTom MySports Watch",
2016-02-04 16:20:29,Other,,3.10,1:21:00,26:08,2.30,310.0,,,"Soccer - Pick-up",
2016-02-04 06:13:50,Strength Training,,0.00,23:42,,,40.0,0.00,,,
2016-01-30 15:09:33,Hiking,,2.98,1:07:05,22:29,2.67,369.0,46.36,,"TomTom MySports Watch",2016-01-30-1509.gpx
2016-01-30 10:03:30,Running,,6.22,55:24,8:55,6.73,812.999999531712,152.07,170,"TomTom MySports Watch",2016-01-30-1003.gpx
2016-01-28 18:08:14,Other,,3.10,1:14:00,23:52,2.51,310.0,,135,"Soccer - Indoor Pick Up",
2016-01-26 17:25:18,Running,,3.01,23:13,7:43,7.77,373.999999784576,51.18,,"TomTom MySports Watch",2016-01-26-1725.gpx
2016-01-24 19:38:58,Other,,4.00,1:24:00,21:00,2.86,400.0,,150,"Soccer - Indoor Game",
2016-01-24 15:42:31,Other,,3.50,1:30:00,25:43,2.33,300.0,,135,"Soccer - Practice",
2016-01-23 15:36:08,Running,,3.18,29:16,9:13,6.51,417.999999759232,74.00,,"TomTom MySports Watch",2016-01-23-1536.gpx
2016-01-23 10:37:07,Strength Training,,0.00,38:17,,,65.0,0.00,95,,
2016-01-21 16:17:32,Sports,,0.00,1:12:55,,,513.0,,,"TomTom MySports Watch",
2016-01-21 06:12:51,Strength Training,,0.00,19:28,,,33.0,0.00,,,
2016-01-20 16:10:33,Running,,3.00,29:27,9:49,6.11,393.999999773056,76.36,165,"TomTom MySports Watch",2016-01-20-1610.gpx
2016-01-18 18:08:01,Strength Training,,0.00,16:38,,,118.0,,118,"TomTom MySports Watch",
2016-01-18 14:43:58,Running,,6.01,51:00,8:30,7.06,772.999999554752,156.27,162,"TomTom MySports Watch",2016-01-18-1443.gpx
2016-01-17 17:50:17,Sports,,0.00,1:20:00,,,545.333333333333,,,,
2016-01-16 16:10:59,Running,,3.60,30:00,8:19,7.21,466.999999731008,57.91,163,"TomTom MySports Watch",2016-01-16-1610.gpx
2016-01-16 10:28:21,Strength Training,,0.01,49:15,5264:30,0.01,81.0,0.00,,,2016-01-16-1028.gpx
2016-01-14 16:02:49,Sports,,0.00,1:23:00,,,575.466666666667,,,,
2016-01-14 06:14:12,Strength Training,,0.00,19:41,12546:11,0.00,33.0,0.00,,,2016-01-14-0614.gpx
2016-01-13 17:03:07,Running,,4.00,33:14,8:18,7.23,509.99999970624,58.00,175,"TomTom MySports Watch",2016-01-13-1703.gpx
2016-01-11 17:34:30,Strength Training,,,23:09,,,0.0,0.00,115,,
2016-01-11 16:04:24,Running,,6.00,54:29,9:05,6.61,763.999999559936,155.82,157,"TomTom MySports Watch",2016-01-11-1604.gpx
2016-01-10 12:20:00,Sports,,0.00,1:20:00,,,529.0,,150,,
2016-01-09 13:35:04,Strength Training,,0.06,37:19,583:00,0.10,63.0,0.42,,,2016-01-09-1335.gpx
2016-01-09 10:32:17,Running,,7.27,1:00:01,8:15,7.27,939.99999945856,123.27,165,"TomTom MySports Watch",2016-01-09-1032.gpx
2016-01-07 16:55:35,Sports,,0.00,1:00:00,,,397.0,,135,,
2016-01-07 06:16:40,Strength Training,,0.00,22:36,6257:28,0.01,36.0,0.00,104,,2016-01-07-0616.gpx
2016-01-06 16:39:45,Running,,4.00,34:29,8:37,6.96,502.999999710272,99.55,168,"TomTom MySports Watch",2016-01-06-1639.gpx
2016-01-04 14:45:27,Strength Training,,0.00,28:50,,,46.0,0.00,,,
2016-01-04 11:04:05,Hiking,,2.30,49:30,21:34,2.78,264.0,35.73,,,2016-01-04-1104.gpx
2016-01-02 11:14:24,Hiking,,3.08,1:21:06,26:18,2.28,378.0,50.18,,,2016-01-02-1114.gpx
2015-12-31 10:31:00,Running,,7.00,57:44,8:15,7.27,889.99999948736,284.55,171,"TomTom MySports Watch",2015-12-31-1031.gpx
2015-12-29 10:18:36,Running,,3.20,27:18,8:32,7.04,407.999999764992,158.64,175,"TomTom MySports Watch",2015-12-29-1018.gpx
2015-12-28 14:48:38,Strength Training,,0.00,14:25,,,23.0,0.00,97,,
2015-12-27 17:00:00,Strength Training,,0.00,45:00,,,298.0,,105,,
2015-12-27 16:22:01,Running,,1.13,49:48,43:54,1.37,116.999999932608,,,"TomTom MySports Watch",
2015-12-27 11:02:49,Running,,4.56,40:04,8:48,6.82,582.999999664192,101.88,162,"TomTom MySports Watch",2015-12-27-1102.gpx
2015-12-24 11:15:40,Strength Training,,0.00,16:57,,,45.999999973504,,101,"TomTom MySports Watch",
2015-12-24 08:27:52,Running,,2.55,29:45,11:40,5.14,306.999999823168,51.91,141,"TomTom MySports Watch",2015-12-24-0827.gpx
2015-12-23 10:09:14,Running,,8.00,1:11:43,8:58,6.70,1048.99999939578,125.09,167,"TomTom MySports Watch",2015-12-23-1009.gpx
2015-12-21 16:35:22,Running,,3.00,22:50,7:37,7.88,371.999999785728,80.18,161,"TomTom MySports Watch",2015-12-21-1635.gpx
2015-12-21 06:15:39,Strength Training,,0.00,17:17,,,114.0,,104,"TomTom MySports Watch",
2015-12-20 10:35:40,Sports,,0.00,1:00:00,,,600.0,,150,,
2015-12-19 15:22:41,Running,,0.13,1:51,14:47,4.06,18.0,5.27,125,"Had to quit because of a calf tear.",2015-12-19-1522.gpx
2015-12-19 10:38:02,Strength Training,,0.00,53:18,,,353.0,,,"TomTom MySports Watch",
2015-12-17 06:16:09,Strength Training,,0.00,19:46,,,131.0,,112,"TomTom MySports Watch",
2015-12-13 21:58:22,Sports,,0.00,1:00:00,,,600.0,,150,,
2015-12-12 14:15:38,Running,,3.71,30:02,8:05,7.42,458.999999735616,105.55,166,"TomTom MySports Watch",2015-12-12-1415.gpx
2015-12-12 10:38:51,Strength Training,,0.00,45:55,,,304.0,,105,"TomTom MySports Watch",
2015-12-10 16:35:03,Sports,,0.00,50:00,,,600.0,,,,
2015-12-10 06:20:16,Strength Training,,0.00,17:27,,,115.429859583333,0.00,111,,
2015-12-09 11:51:38,Running,,3.24,37:12,11:29,5.23,393.0,64.82,135,,2015-12-09-1151.gpx
2015-12-08 17:45:01,Running,,6.00,56:52,9:28,6.34,788.999999545536,130.09,161,"TomTom MySports Watch",2015-12-08-1745.gpx
2015-12-07 17:09:53,Running,,4.00,33:34,8:23,7.16,520.999999699904,106.00,162,"TomTom MySports Watch",2015-12-07-1709.gpx
2015-12-07 06:13:35,Strength Training,,0.00,16:58,,,112.232661944444,0.00,,,
2015-12-06 17:00:30,Sports,,0.00,50:00,,,800.0,,155,,
2015-12-05 21:19:07,Hiking,,3.11,1:12:26,23:18,2.58,381.0,95.27,,"TomTom MySports Watch",2015-12-05-2119.gpx
2015-12-05 10:14:39,Strength Training,,0.00,45:36,,,302.0,,124,"TomTom MySports Watch",
2015-11-26 08:00:05,Running,,3.06,21:53,7:09,8.38,382.999999779392,67.64,177,"TomTom MySports Watch",2015-11-26-0800.gpx
2015-11-26 07:19:43,Running,,0.83,7:32,9:03,6.63,103.999999940096,17.55,153,"TomTom MySports Watch",2015-11-26-0719.gpx
2015-11-24 17:19:40,Running,,3.00,28:33,9:30,6.32,423.0,73.77,,"TomTom MySports Watch",2015-11-24-1719.gpx
2015-11-23 15:41:03,Running,,2.00,14:54,7:27,8.06,243.999999859456,50.00,,"TomTom MySports Watch",2015-11-23-1541.gpx
2015-11-22 13:02:33,Hiking,,0.94,25:16,27:01,2.22,113.0,19.09,,,2015-11-22-1302.gpx
2015-11-21 10:16:21,Running,,1.55,16:14,10:27,5.74,196.999999886528,37.45,151,"TomTom MySports Watch",2015-11-21-1016.gpx
2015-11-19 16:29:03,Running,,5.38,48:42,9:04,6.62,688.0,53.73,150,,2015-11-19-1629.gpx
2015-11-18 16:48:02,Running,,1.72,16:14,9:26,6.36,220.999999872704,48.00,142,"TomTom MySports Watch",2015-11-18-1648.gpx
2015-11-17 18:25:55,Running,,6.00,47:58,7:59,7.51,741.999999572608,146.95,166,"TomTom MySports Watch",2015-11-17-1825.gpx
2015-11-15 16:40:25,Running,,6.53,59:00,9:02,6.65,848.999999510976,135.45,150,"TomTom MySports Watch",2015-11-15-1640.gpx
2015-11-14 10:59:36,Strength Training,,0.00,11:24,,,75.0,,127,"TomTom MySports Watch",
2015-11-12 16:27:42,Sports,,0.00,1:00:02,,,397.0,,,"TomTom MySports Watch",
2015-11-11 17:28:33,Strength Training,,0.05,5:05,92:35,0.65,12.0,2.00,142,"TomTom MySports Watch",2015-11-11-1728.gpx
2015-11-11 16:50:00,Running,,3.14,36:52,11:45,5.11,377.0,64.76,143,,2015-11-11-1650.gpx
2015-11-10 16:04:54,Running,,5.00,41:50,8:22,7.17,620.999999642304,99.18,157,"TomTom MySports Watch",2015-11-10-1604.gpx
2015-11-09 16:37:43,Running,,3.00,22:26,7:29,8.02,370.999999786304,72.45,161,"TomTom MySports Watch",2015-11-09-1637.gpx
2015-11-08 16:59:36,Sports,,0.00,45:27,,,301.0,,146,"TomTom MySports Watch",
2015-11-08 14:33:41,Hiking,,0.87,21:46,24:57,2.41,132.0,88.97,,"TomTom MySports Watch",2015-11-08-1433.gpx
2015-11-08 10:36:56,Strength Training,,0.00,58:40,,,388.073644444444,0.00,114,,
2015-11-05 16:34:55,Sports,,0.00,50:01,,,331.0,,135,"TomTom MySports Watch",
2015-11-04 15:48:47,Running,,2.88,29:23,10:12,5.88,379.99999978112,74.09,150,"TomTom MySports Watch",2015-11-04-1548.gpx
2015-11-03 11:15:33,Running,,6.02,52:21,8:42,6.90,834.0,133.91,162,,2015-11-03-1115.gpx
2015-11-02 16:42:58,Strength Training,,0.00,8:53,,,59.0,,138,"TomTom MySports Watch",
2015-11-02 16:11:51,Running,,2.01,15:57,7:57,7.55,247.999999857152,63.73,155,"TomTom MySports Watch",2015-11-02-1611.gpx
2015-11-01 12:52:25,Sports,,0.00,2:06:08,,,834.0,,,"TomTom MySports Watch",
2015-10-31 14:34:41,Hiking,,1.67,33:10,19:48,3.03,200.0,45.18,,"TomTom MySports Watch",2015-10-31-1434.gpx
2015-10-31 10:42:41,Strength Training,,0.00,1:00:23,,,399.0,,118,"TomTom MySports Watch",
2015-10-30 15:36:41,Running,,4.00,32:29,8:07,7.40,502.999999710272,118.18,168,"TomTom MySports Watch",2015-10-30-1536.gpx
2015-10-27 16:14:34,Running,,1.97,20:04,10:12,5.88,241.999999860608,26.00,148,"TomTom MySports Watch",2015-10-27-1614.gpx
2015-10-26 16:31:31,Running,,6.01,50:18,8:23,7.16,769.99999955648,164.91,162,"TomTom MySports Watch",2015-10-26-1631.gpx
2015-10-25 14:36:53,Sports,,0.00,18:45,,,124.0,,127,"TomTom MySports Watch",
2015-10-25 11:20:33,Hiking,,1.72,42:56,24:55,2.41,214.0,42.09,,"TomTom MySports Watch",2015-10-25-1120.gpx
2015-10-24 10:24:25,Rowing,,2.01,37:34,18:40,3.22,221.0,76.00,108,"TomTom MySports Watch",2015-10-24-1024.gpx
2015-10-22 16:16:47,Sports,,0.00,1:10:10,,,876.0,,132,"TomTom MySports Watch",
2015-10-21 16:35:12,Running,,3.83,41:57,10:57,5.48,459.99999973504,89.18,142,"TomTom MySports Watch",2015-10-21-1635.gpx
2015-10-20 16:21:19,Running,,5.00,38:07,7:37,7.88,613.999999646336,108.36,167,"TomTom MySports Watch",2015-10-20-1621.gpx
2015-10-19 16:10:45,Rowing,,2.02,43:21,21:26,2.80,249.0,57.00,94,"TomTom MySports Watch",2015-10-19-1610.gpx
2015-10-18 20:48:45,Sports,,0.00,1:50:00,,,727.638083333333,,,,
2015-10-18 11:17:36,Running,,2.11,48:58,23:10,2.59,241.999999860608,50.64,,"TomTom MySports Watch",2015-10-18-1117.gpx
2015-10-17 15:13:00,Hiking,,1.51,28:15,18:44,3.20,180.0,39.00,,"TomTom MySports Watch",2015-10-17-1513.gpx
2015-10-17 10:54:00,Strength Training,,0.00,51:57,,,344.0,,118,"TomTom MySports Watch",
2015-10-15 16:08:16,Running,,6.21,52:21,8:26,7.12,788.999999545536,141.20,168,"TomTom MySports Watch",2015-10-15-1608.gpx
2015-10-14 16:38:29,Running,,2.34,30:53,13:11,4.55,305.999999823744,54.82,143,"TomTom MySports Watch",2015-10-14-1638.gpx
2015-10-13 20:25:15,Running,,3.00,22:25,7:28,8.04,363.999999790336,68.27,160,"TomTom MySports Watch",2015-10-13-2025.gpx
2015-10-12 14:24:00,Running,,3.02,26:33,8:48,6.82,418.0,80.91,147,,2015-10-12-1424.gpx
2015-10-11 17:00:00,Sports,,0.00,1:45:00,,,695.0,,,,
2015-10-10 14:44:19,Running,,3.00,23:02,7:40,7.82,363.999999790336,79.32,161,"TomTom MySports Watch",2015-10-10-1444.gpx
2015-10-10 10:04:00,Rowing,,3.04,1:04:10,21:07,2.84,370.0,134.91,94,,2015-10-10-1004.gpx
2015-10-08 16:04:41,Sports,,0.00,1:34:00,,,621.799816666667,,,,
2015-10-06 16:22:47,Running,,10.00,1:36:40,9:40,6.21,1313.99999924314,258.09,166,"TomTom MySports Watch",2015-10-06-1622.gpx
2015-10-05 15:31:25,Rowing,,2.32,51:32,22:11,2.70,297.0,72.18,94,"TomTom MySports Watch",2015-10-05-1531.gpx
2015-10-04 16:29:06,Sports,,0.00,2:00:00,,,793.787,,,,
2015-10-03 15:12:31,Strength Training,,0.00,21:06,,,140.0,,126,"TomTom MySports Watch",
2015-10-01 16:05:57,Sports,,0.00,1:25:00,,,562.265791666667,,,,
2015-09-30 16:42:56,Running,,5.51,43:33,7:54,7.60,694.99999959968,133.36,163,"TomTom MySports Watch",2015-09-30-1642.gpx
2015-09-29 17:35:11,Strength Training,,0.00,6:49,,,45.0,,102,"TomTom MySports Watch",
2015-09-29 16:34:09,Rowing,,2.33,50:01,21:30,2.79,282.0,89.09,89,"TomTom MySports Watch",2015-09-29-1634.gpx
2015-09-28 16:39:25,Running,,3.78,41:49,11:03,5.43,477.999999724672,126.82,143,"TomTom MySports Watch",2015-09-28-1639.gpx
2015-09-26 11:20:51,Strength Training,,0.00,39:06,,,258.642264166667,0.00,,,
2015-09-24 16:17:13,Sports,,0.00,56:45,,,375.0,,136,"TomTom MySports Watch",
2015-09-23 16:44:39,Running,,4.04,41:37,10:18,5.82,501.999999710848,92.09,149,"TomTom MySports Watch",2015-09-23-1644.gpx
2015-09-22 16:31:36,Running,,8.00,1:12:32,9:04,6.62,1055.99999939174,226.45,163,"TomTom MySports Watch",2015-09-22-1631.gpx
2015-09-21 16:27:08,Rowing,,2.02,49:34,24:33,2.44,279.0,55.55,93,"TomTom MySports Watch",2015-09-21-1627.gpx
2015-09-20 17:40:37,Sports,,0.00,1:45:00,,,694.563625,,,,
2015-09-19 10:14:22,Strength Training,,0.00,49:59,,,331.0,,99,"TomTom MySports Watch",
2015-09-18 19:44:14,Hiking,,1.70,45:07,26:37,2.25,214.0,28.84,,,2015-09-18-1944.gpx
2015-09-18 06:10:19,Running,,3.10,22:51,7:22,8.15,386.999999777088,63.36,166,"TomTom MySports Watch",2015-09-18-0610.gpx
2015-09-16 16:37:13,Running,,4.00,31:01,7:45,7.74,497.999999713152,100.36,161,"TomTom MySports Watch",2015-09-16-1637.gpx
2015-09-15 16:40:41,Running,,3.49,37:30,10:45,5.58,453.999999738496,78.91,148,"TomTom MySports Watch",2015-09-15-1640.gpx
2015-09-14 16:08:35,Rowing,,1.42,34:36,24:21,2.46,190.0,51.64,89,"TomTom MySports Watch",2015-09-14-1608.gpx
2015-09-13 16:00:12,Sports,,0.00,1:45:00,,,694.563625,,,,
2015-09-12 10:56:54,Strength Training,,0.00,49:59,,,331.0,,97,"TomTom MySports Watch",
2015-09-10 18:27:36,Sports,,0.00,1:30:00,,,595.34025,,140,,
2015-09-09 16:31:59,Running,,3.03,34:02,11:15,5.34,382.999999779392,116.09,144,"TomTom MySports Watch",2015-09-09-1631.gpx
2015-09-08 17:07:56,Strength Training,,0.00,4:39,,,31.0,,,"TomTom MySports Watch",
2015-09-08 16:43:28,Running,,3.00,22:05,7:22,8.15,418.0,,,"TomTom MySports Watch",
2015-09-07 14:16:06,Hiking,,0.56,17:45,31:27,1.91,84.0,39.73,,"TomTom MySports Watch",2015-09-07-1416.gpx
2015-09-07 10:35:08,Running,,8.00,1:17:59,9:45,6.16,1057.99999939059,182.55,166,"TomTom MySports Watch",2015-09-07-1035.gpx
2015-09-03 16:57:00,Running,,0.90,10:34,11:42,5.12,114.99999993376,12.00,158,"TomTom MySports Watch",2015-09-03-1657.gpx
2015-09-03 16:04:23,Sports,,0.00,48:03,,,318.0,,145,"TomTom MySports Watch",
2015-09-02 16:29:05,Running,,3.13,39:00,12:28,4.81,394.99999977248,135.73,142,"TomTom MySports Watch",2015-09-02-1629.gpx
2015-09-01 16:02:01,Running,,10.00,1:51:50,11:11,5.37,1361.99999921549,256.27,162,"TomTom MySports Watch",2015-09-01-1602.gpx
2015-08-31 16:42:37,Strength Training,,0.00,12:51,,,85.0,,141,"TomTom MySports Watch",
2015-08-31 16:20:14,Running,,2.20,17:54,8:08,7.38,280.999999838144,51.91,158,"TomTom MySports Watch",2015-08-31-1620.gpx
2015-08-30 15:00:46,Sports,,0.00,1:34:00,,,621.799816666667,,125,,
2015-08-29 10:58:00,Strength Training,,0.00,58:26,,,386.530169722222,1.42,,,
2015-08-26 16:41:50,Running,,4.11,43:02,10:29,5.73,509.99999970624,125.09,142,"TomTom MySports Watch",2015-08-26-1641.gpx
2015-08-25 17:02:30,Running,,8.00,1:12:24,9:03,6.63,1041.99999939981,184.91,,"TomTom MySports Watch",2015-08-25-1702.gpx
2015-08-24 16:56:00,Circuit Training,,0.00,30:00,,,100.0,,,,
2015-08-23 21:00:00,Sports,,0.00,55:00,,,400.0,,,,
2015-08-23 15:00:00,Sports,,0.00,1:45:00,,,1200.0,,,,
2015-08-21 07:56:39,Hiking,,7.92,4:24:05,33:21,1.80,1258.0,546.36,,"TomTom MySports Watch",2015-08-21-0756.gpx
2015-08-20 17:30:06,Hiking,,4.34,2:39:46,36:50,1.63,748.0,352.09,,"TomTom MySports Watch",2015-08-20-1730.gpx
2015-08-19 11:48:19,Running,,2.90,25:23,8:46,6.85,364.99999978976,86.18,,"TomTom MySports Watch",2015-08-19-1148.gpx
2015-08-17 11:42:42,Running,,3.00,28:21,9:26,6.36,381.999999779968,82.45,,"TomTom MySports Watch",2015-08-17-1142.gpx
2015-08-16 11:13:28,Sports,,0.00,1:19:23,,,525.112150138889,,,,
2015-08-15 10:31:23,Strength Training,,0.18,57:44,325:01,0.18,122.0,11.01,,,2015-08-15-1031.gpx
2015-08-12 16:46:26,Running,,2.67,26:08,9:47,6.14,346.999999800128,53.09,,"TomTom MySports Watch",2015-08-12-1646.gpx
2015-08-11 16:04:44,Running,,7.00,1:09:10,9:53,6.07,948.999999453376,151.45,,"TomTom MySports Watch",2015-08-11-1604.gpx
2015-08-10 17:13:53,Running,,3.00,24:10,8:03,7.45,379.99999978112,65.45,,"TomTom MySports Watch",2015-08-10-1713.gpx
2015-08-05 20:42:39,Running,,3.00,25:45,8:34,7.00,376.999999782848,58.09,,"TomTom MySports Watch",2015-08-05-2042.gpx
2015-08-05 17:20:59,Strength Training,,0.00,10:00,,,66.1489166666667,,,,
2015-08-04 16:30:46,Running,,6.00,53:00,8:50,6.80,784.99999954784,95.45,,"TomTom MySports Watch",2015-08-04-1630.gpx
2015-08-02 16:00:00,Sports,,0.00,1:45:00,,,694.563625,,,,
2015-08-01 16:33:15,Hiking,,6.01,2:46:02,27:37,2.17,802.0,186.80,,,2015-08-01-1633.gpx
2015-08-01 10:20:21,Strength Training,,0.00,53:21,,,352.904470416667,,,,
2015-07-30 16:01:37,Sports,,3.09,59:05,19:09,3.13,380.0,58.81,,"TomTom MySports Watch",2015-07-30-1601.gpx
2015-07-29 05:31:12,Running,,2.99,27:41,9:15,6.49,354.99999979552,77.36,,"TomTom MySports Watch",2015-07-29-0531.gpx
2015-07-28 16:46:47,Running,,1.00,9:21,9:20,6.43,130.999999924544,19.02,,"TomTom MySports Watch",2015-07-28-1646.gpx
2015-07-28 16:30:51,Running,,0.61,5:36,9:14,6.50,78.999999954496,12.09,,"TomTom MySports Watch",2015-07-28-1630.gpx
2015-07-28 16:10:43,Running,,1.97,16:49,8:32,7.03,257.999999851392,42.55,,"TomTom MySports Watch",2015-07-28-1610.gpx
2015-07-26 16:22:09,Sports,,0.00,1:45:00,,,694.563625,,,,
2015-07-25 11:36:45,Strength Training,,0.00,51:00,,,337.359475,,,,
2015-07-24 23:30:29,Hiking,,2.71,1:08:15,25:10,2.38,362.0,118.00,,,2015-07-24-2330.gpx
2015-07-23 17:38:30,Sports,,0.00,48:07,,,318.286537361111,,,,
2015-07-22 17:07:53,Running,,2.61,22:10,8:29,7.07,319.99999981568,51.36,,"TomTom MySports Watch",2015-07-22-1707.gpx
2015-07-21 16:33:54,Running,,4.00,36:44,9:11,6.53,567.0,120.55,,,2015-07-21-1633.gpx
2015-07-19 16:32:49,Hiking,,0.58,13:09,22:49,2.63,71.0,21.86,,,2015-07-19-1632.gpx
2015-07-17 08:31:18,Sports,,0.00,19:00,,,125.682941666667,,,,
2015-07-14 16:39:39,Running,,3.42,32:07,9:23,6.39,452.0,108.27,,,2015-07-14-1639.gpx
2015-07-14 16:28:53,Running,,1.24,10:13,8:13,7.30,161.0,7.64,,,2015-07-14-1628.gpx
2015-07-12 15:00:31,Sports,,0.00,1:30:00,,,595.34025,,,,
2015-07-11 20:41:42,Strength Training,,0.00,45:00,,,297.670125,,,,
2015-07-05 15:00:50,Sports,,0.00,1:30:00,,,595.34025,,,,
2015-07-01 17:42:49,Running,,2.50,18:44,7:29,8.01,356.0,74.37,,,2015-07-01-1742.gpx
2015-06-23 16:39:02,Running,,3.00,23:15,7:45,7.75,414.0,53.89,,,2015-06-23-1639.gpx
2015-06-09 18:01:24,Running,,2.00,17:48,8:54,6.74,270.0,28.95,,,2015-06-09-1801.gpx
2015-06-02 16:55:03,Running,,2.57,19:38,7:39,7.84,353.0,46.75,,,2015-06-02-1655.gpx
2015-05-19 17:12:10,Hiking,,0.80,16:02,20:08,2.98,100.0,17.75,,,2015-05-19-1712.gpx
2015-05-19 17:00:04,Running,,1.40,11:37,8:19,7.21,193.0,31.13,,,2015-05-19-1700.gpx
2015-05-16 06:30:13,Hiking,,2.39,53:47,22:32,2.66,287.0,55.10,,,2015-05-16-0630.gpx
2015-05-15 17:14:05,Hiking,,1.34,31:44,23:38,2.54,160.0,22.12,,,2015-05-15-1714.gpx
2015-05-15 14:36:23,Hiking,,1.33,34:02,25:35,2.34,185.0,88.23,,,2015-05-15-1436.gpx
2015-05-15 11:45:43,Hiking,,4.72,1:50:09,23:21,2.57,570.0,90.71,,,2015-05-15-1145.gpx
2015-05-12 16:46:20,Running,"Wabash Heritage Trail South",10.00,1:28:06,8:49,6.81,1431.0,321.01,,"Legs still tired starting at mi. 8... Pace leapt up there.  Sand worked legs hard.  Weather perfectly cool for running.",2015-05-12-1646.gpx
2015-05-11 20:03:35,Hiking,,0.89,27:24,30:42,1.95,127.0,41.68,,,2015-05-11-2003.gpx
2015-05-10 13:50:54,Hiking,,1.00,19:23,19:26,3.09,130.0,43.16,,,2015-05-10-1350.gpx
2015-05-10 13:33:43,Hiking,,0.63,12:45,20:17,2.96,73.0,7.88,,,2015-05-10-1333.gpx
2015-05-07 17:08:00,Running,,1.90,13:21,7:02,8.54,253.0,16.94,,,2015-05-07-1708.gpx
2015-05-06 16:41:34,Running,,4.00,34:39,8:39,6.93,546.0,60.18,,,2015-05-06-1641.gpx
2015-05-03 10:08:39,Hiking,,3.33,1:04:09,19:15,3.12,396.0,81.34,,,2015-05-03-1008.gpx
2015-05-03 09:33:50,Hiking,,0.60,15:19,25:34,2.35,103.0,68.54,,,2015-05-03-0933.gpx
2015-05-01 18:50:39,Hiking,,0.60,22:46,38:10,1.57,100.0,54.50,,,2015-05-01-1850.gpx
